"ISBN";"Titre";"Auteur";"Editeur";"Date de publication";"Date d`entrée dans Babelio";"Statut";"Note"
"9782385610494";"Alice au pays des merveilles";"Carroll Lewis";"Oxymore";"2024-06-05";"2026-05-18 13:34:09";"Lu";"0.0"
"9782330194147";"Chien 51";"Gaudé Laurent";"Babel";"2024-09-04";"2026-03-26 10:06:24";"Lu";"4.0"
"9791035416720";"Nous nous verrons en août ";"Garcia Marquez Gabriel";"Audiolib";"2024-12-04";"2026-03-26 10:06:13";"Lu";"3.0"
"9782073100610";"Le Bruit et la Fureur";"Faulkner William";"Gallimard";"2025-11-06";"2026-03-26 10:05:55";"Lu";"3.0"
"9782266348973";"A la recherche du temps perdu, tome 6 : Albertine disparue";"Proust Marcel";"Pocket";"2025-08-14";"2025-09-24 17:36:14";"A lire";"0.0"
"9782080710970";"Fragments";"Héraclite d'Éphèse ";"Flammarion";"2002-01-20";"2025-09-24 17:32:10";"A lire";"0.0"
"9782072831157";"Regrets sur ma vieille robe de chambre";"Diderot Denis";"Gallimard";"2019-02-21";"2025-09-24 17:30:43";"Lu";"0.0"
"9782070360574";"La Religieuse";"Diderot Denis";"Gallimard";"1972-03-16";"2025-09-24 17:30:15";"A lire";"0.0"
"9782253004134";"Jacques le Fataliste";"Diderot Denis";"Librairie générale française";"1972-01-01";"2025-09-24 17:30:13";"A lire";"0.0"
"9782253059493";"Le Pendule De Foucault";"Eco Umberto";"Librairie générale française";"1992-04-01";"2025-09-24 17:29:26";"A lire";"0.0"
"9782253021971";"Les Rois maudits, tome 7 : Quand un roi perd la France";"Druon Maurice";"Le Livre de Poche";"1979-05-01";"2025-09-24 17:28:35";"A lire";"0.0"
"9782742769360";"Lignes de faille";"Huston Nancy";"Actes Sud";"2007-10-01";"2025-09-24 17:27:53";"A lire";"0.0"
"9782070368037";"L'Amérique ou Le Disparu ";"Kafka Franz";"Gallimard";"2000-02-18";"2025-09-24 17:27:40";"A lire";"0.0"
"9782070422067";"Lettre au père";"Kafka Franz";"Gallimard";"2002-01-02";"2025-09-24 17:27:38";"A lire";"0.0"
"9782070360420";"La Peste";"Camus Albert";"Gallimard";"1972-02-25";"2025-09-24 17:25:34";"Lu";"4.5"
"9782080706188";"Timée - Critias";"Platon ";"Flammarion";"1999-01-04";"2025-09-24 17:25:19";"A lire";"0.0"
"9782267047554";"Le livre de l'intranquillité";"Pessoa Fernando";"Bourgois";"2024-10-10";"2025-09-24 17:21:41";"A lire";"0.0"
"9782910188139";"L'Alchimiste";"Coelho Paulo";"A. Carrière";"1994-03-16";"2025-09-24 17:21:31";"A lire";"0.0"
"9782253009160";"La Machine infernale";"Cocteau Jean";"Librairie générale française";"1992-01-01";"2025-09-24 17:17:15";"A lire";"0.0"
"9782253149972";"Le Neveu de Rameau";"Diderot Denis";"Librairie générale française";"2001-08-22";"2025-09-24 17:17:03";"Lu";"0.0"
"9782266073356";"Ramsès, tome 1 : Le fils de la lumière";"Jacq Christian";"Pocket";"1997-02-27";"2025-09-24 17:16:03";"A lire";"0.0"
"9782253160793";"Mémoires d'outre-tombe, tome 1/4 : Livres 1 à 12  ";"Chateaubriand François-René de";"Librairie générale française";"2001-11-02";"2025-09-24 17:14:07";"A lire";"0.0"
"9780394309750";"La condition humaine";"Malraux André";"Gallimard";"0000-00-00";"2025-09-24 17:13:41";"A lire";"0.0"
"9782070385645";"Les Métamorphoses";"Ovide ";"Gallimard";"1992-09-25";"2025-09-24 17:13:21";"A lire";"0.0"
"9782070370436";"La valse aux adieux";"Kundera Milan";"Gallimard";"1978-07-19";"2025-09-24 17:13:01";"Lu";"4.5"
"9782848054568";"Sa préférée";"Jollien-Fardel Sarah";"Sabine Wespiese";"2022-08-25";"2025-09-24 11:23:08";"Lu";"0.0"
"9782070360024";"L'étranger";"Camus Albert";"Gallimard";"1972-01-07";"2025-09-24 11:22:57";"Lu";"4.0"
"9782253940920";"Tant que le café est encore chaud";"Kawaguchi Toshikazu";"Le Livre de Poche";"2022-09-14";"2025-09-24 11:22:34";"Lu";"4.0"
"9782080704764";"A la recherche du temps perdu, tome 4 : Sodome et Gomorrhe (1/2)";"Proust Marcel";"Flammarion";"1993-12-21";"2025-09-24 11:22:23";"Lu";"4.0"
"9782742758333";"La nuit de l'oracle";"Auster Paul";"Actes Sud";"2006-01-03";"2025-09-24 11:21:48";"Lu";"3.5"
"9782352872719";"La Chartreuse de Parme";"Stendhal ";"Archipoche";"2012-11-21";"2025-09-24 11:21:36";"Lu";"4.0"
"9782070392537";"Crime et Châtiment";"Dostoïevski Fiodor";"Gallimard";"1995-01-24";"2025-09-24 11:21:19";"Lu";"4.5"
"9782253067900";"La végétarienne ";"Kang Han";"Le Livre de Poche";"2016-03-02";"2025-09-24 11:21:07";"Lu";"0.0"
"9782228935692";"À la recherche du bonheur (Ce qui fait vivre les hommes)";"Tolstoï Léon";"Payot";"2024-04-03";"2025-09-24 11:20:58";"Lu";"0.0"
"9782234057302";"Le faussaire";"Inoué Yasushi";"Stock";"2004-11-10";"2025-09-24 11:20:51";"Lu";"0.0"
"9782070381654";"L'insoutenable légèreté de l'être";"Kundera Milan";"Gallimard";"1990-01-12";"2025-09-24 11:20:43";"Lu";"0.0"
"9782264025418";"Le Mirage";"Mann Thomas";"10-18";"1999-09-12";"2025-09-24 11:19:39";"Lu";"0.0"
"9782869305120";"La consolation de la Philosophie";"Boèce ";"Rivages";"1991-11-02";"2025-09-24 11:19:27";"Lu";"0.0"
"9782070379248";"A la recherche du temps perdu, tome 1 : Du côté de chez Swann";"Proust Marcel";"Gallimard";"1988-11-03";"2025-09-24 11:19:10";"Lu";"5.0"
"9782080704702";"A la recherche du temps perdu, tome 3 : Le Côté de Guermantes (1/2)";"Proust Marcel";"Flammarion";"1999-01-04";"2025-09-24 11:19:03";"Lu";"0.0"
"9782253057543";"Amok";"Zweig Stefan";"Librairie générale française";"1991-10-01";"2025-09-24 11:18:55";"Lu";"0.0"
"9782070313914";"Fleur en fiole d'or : Jing Ping Mei cihua, tome 1";"Anonyme ";"Gallimard";"2004-02-25";"2025-09-24 11:18:44";"A lire";"0.0"
"9782070446032";"Histoire secrète du sire de Musashi";"Tanizaki Junichirô";"Folio";"2012-02-09";"2025-09-24 11:18:01";"Lu";"0.0"
"9782070369218";"Mémoires d'Hadrien";"Yourcenar Marguerite";"Gallimard";"1977-01-01";"2025-09-24 11:17:52";"Lu";"0.0"
"9782253004059";"Les Rois maudits, tome 4 : La Loi des Mâles";"Druon Maurice";"LGF - Livre de Poche";"1973-05-01";"2025-09-24 11:17:44";"Lu";"0.0"
"9782246832294";"Le Nom de la rose";"Eco Umberto";"Grasset";"2022-11-16";"2025-09-24 11:16:24";"Lu";"0.0"
"9782264058249";"Orgueil et Préjugés";"Austen Jane";"10";"2012-01-03";"2025-09-24 11:16:15";"Lu";"0.0"
"9782253004066";"Les Rois maudits, tome 5 : La Louve de France";"Druon Maurice";"LGF - Livre de Poche";"0000-00-00";"2025-09-24 11:15:44";"Lu";"0.0"
"9782253004653";"Les Rois maudits, tome 6 : Le Lis et le Lion";"Druon Maurice";"LGF - Livre de Poche";"1973-05-01";"2025-09-24 11:15:27";"Lu";"0.0"
"9782253150169";"Le Château";"Kafka Franz";"Librairie générale française";"2001-04-18";"2025-09-24 11:15:14";"Lu";"0.0"
"9782070328178";"La crise du monde moderne";"Guénon René";"Gallimard";"1994-05-11";"2025-09-24 11:15:05";"Lu";"0.0"
"9782070378401";"Le Procès";"Kafka Franz";"Gallimard";"1987-05-25";"2025-09-24 11:14:52";"Lu";"0.0"
"9782070387199";"Mishima ou La vision du vide";"Yourcenar Marguerite";"Gallimard";"1993-06-01";"2025-09-24 11:14:13";"Lu";"0.0"
"9782724295436";"Raison et Sentiments (Raison et Sensibilité)";"Austen Jane";"France loisirs";"0000-00-00";"2025-09-24 11:14:05";"Lu";"0.0"
"9782070371013";"Après le banquet";"Mishima Yukio";"Gallimard";"1979-05-08";"2025-09-24 11:13:57";"Lu";"0.0"
"9782070720880";"La déchéance d'un homme";"Dazaï Osamu";"Gallimard";"1990-10-10";"2025-09-24 11:13:48";"Lu";"0.0"
"9782070360376";"Des souris et des hommes";"Steinbeck John";"Gallimard";"1972-02-16";"2025-09-24 11:13:40";"Lu";"0.0"
"9782869302457";"Oreiller d'herbes";"Sôséki Natsumé";"Rivages";"1989-05-01";"2025-09-24 11:13:27";"Lu";"0.0"
"9782080704658";"Gorgias";"Platon ";"Flammarion";"2007-05-29";"2025-09-24 11:13:17";"Lu";"0.0"
"9782080713025";"Ainsi parlait Zarathoustra";"Nietzsche Friedrich";"Flammarion";"2006-08-18";"2025-09-24 11:13:04";"Lu";"3.0"
"9782330064617";"La Divine Comédie, tome 1 : L'Enfer";"Alighieri Dante";"Actes Sud Editions";"2016-05-04";"2025-09-24 11:12:56";"Lu";"3.5"
"9782253002697";"Tonio Kröger";"Mann Thomas";"Le Livre de Poche";"1978-02-01";"2025-09-24 11:12:11";"Lu";"0.0"
"9782081207240";"Le banquet";"Platon ";"Flammarion";"2007-08-15";"2025-09-24 11:12:02";"Lu";"0.0"
"9782253082385";"Phèdre";"Platon ";"Librairie générale française";"2007-06-13";"2025-09-24 11:11:54";"Lu";"0.0"
"9781038700278";"Le messie du Darfour";"Baraka Sakin Abdelaziz";"Zulma";"2021-03-04";"2025-09-24 11:11:47";"Lu";"4.0"
"9782226438409";"Heimaey";"Manook Ian";"Albin Michel";"2018-09-26";"2025-09-24 11:11:40";"Lu";"2.5"
"9782809713565";"La papeterie Tsubaki";"Ogawa Ito";"Picquier";"2018-08-23";"2025-09-24 11:11:22";"Lu";"3.5"
"9782070368938";"Le Joueur";"Dostoïevski Fiodor";"Gallimard";"1973-02-06";"2025-09-24 11:11:13";"Lu";"3.5"
"9782226392077";"Miroir de nos peines";"Lemaitre Pierre";"Albin Michel";"2020-01-02";"2025-09-24 11:11:03";"Lu";"0.0"
"9782264007490";"Nuée d'oiseaux blancs";"Kawabata Yasunari";"Plon";"0000-00-00";"2025-09-24 11:10:53";"Lu";"0.0"
"9782080704771";"A la recherche du temps perdu, tome 4 : Sodome et Gomorrhe (2/2)";"Proust Marcel";"Flammarion";"1999-01-04";"2025-09-24 11:10:26";"Lu";"0.0"
"9782277300700";"Le dernier jour d'un condamné";"Hugo Victor";"EJL";"1999-01-01";"2025-09-24 11:09:58";"Lu";"0.0"
"9782266192262";"Aimez-vous Brahms...";"Sagan Françoise";"Pocket";"2009-04-04";"2025-09-24 11:08:16";"Lu";"3.5"
"9782226438195";"Jung";"Lenoir Frédéric";"Albin Michel";"2021-11-03";"2025-07-22 21:51:32";"A lire";"0.0"
"9782266342834";"A la recherche du temps perdu, tome 5 : La Prisonnière";"Proust Marcel";"Pocket";"2024-07-11";"2025-03-21 13:33:01";"Lu";"3.5"
"9782253003748";"La Petite Fadette";"Sand George";"Le Livre de Poche";"1973-05-22";"2025-01-31 11:09:33";"Lu";"4.0"
"9782081314795";"Le Horla et autres contes fantastiques";"Maupassant Guy de";"Flammarion";"2014-08-27";"2024-05-10 18:39:57";"A lire";"0.0"
"9782070392452";"À la recherche du temps perdu, tome 3 : Le côté de Guermantes";"Proust Marcel";"Gallimard";"2003-02-16";"2024-05-09 12:12:38";"Lu";"0.0"
"9782070429349";"Lettres Persanes";"Montesquieu ";"Gallimard";"2003-06-04";"2023-11-02 00:34:22";"Lu";"0.0"
"9782266182768";"Voyage d'une parisienne à Lhassa : A pied et en mendiant de la Chine à l'Inde à travers le Tibet";"David-Néel Alexandra";"Pocket";"0000-00-00";"2023-09-07 20:34:23";"A lire";"0.0"
"9782070380510";"A la recherche du temps perdu, tome 2 : A l'ombre des jeunes filles en fleurs";"Proust Marcel";"Gallimard";"1988-05-11";"2023-08-20 17:01:20";"Lu";"4.0"
"9782080709936";"La nature des choses : De rerum natura";"Lucrèce ";"Flammarion";"1999-01-04";"2023-04-10 22:24:04";"A lire";"0.0"
"9782253938927";"Le Grondement de la montagne";"Kawabata Yasunari";"Le Livre de Poche";"2022-04-20";"2023-02-09 22:49:14";"Lu";"3.5"
"9782266112321";"Sous le soleil de Satan";"Bernanos Georges";"Pocket";"2001-03-16";"2023-01-21 20:50:11";"Lu";"3.5"
"9782207256008";"Just Kids";"Smith Patti";"Denoël";"1999-12-31";"2022-12-19 11:06:06";"A lire";"0.0"
"9782218931888";"Criton";"Platon ";"Hatier";"2008-03-14";"2022-10-02 15:33:24";"Lu";"0.0"
"9782290376508";"Apologie de Socrate ";"Platon ";"J'ai lu";"2022-06-15";"2022-09-29 20:37:28";"Lu";"0.0"
"9782080703941";"Discours de la servitude volontaire";"La Boétie Étienne de";"Flammarion";"1993-01-07";"2022-09-19 20:46:34";"A lire";"0.0"
"9782226257017";"Sapiens : Une brève histoire de l'humanité";"Harari Yuval Noah";"Albin Michel";"2015-09-02";"2022-09-19 12:24:30";"A lire";"0.0"
"9782266045964";"La pesanteur et la grâce";"Weil Simone";"Presses Pocket";"1993-02-12";"2022-07-14 10:04:25";"A lire";"0.0"
"9782253051206";"Samarcande";"Maalouf Amin";"Librairie générale française";"1989-01-01";"2022-06-23 20:55:07";"A lire";"0.0"
"9782070371655";"Le Labyrinthe du monde, tome 1 : Souvenirs pieux";"Yourcenar Marguerite";"Gallimard";"1980-02-01";"2022-05-24 10:12:11";"A lire";"0.0"
"9782266122351";"Le K";"Buzzati Dino";"Pocket";"2004-01-31";"2022-05-23 15:49:39";"A lire";"0.0"
"9782253135081";"Mémoires d'Agrippine";"Grimal Pierre";"Librairie générale française";"0000-00-00";"2022-04-18 20:50:10";"A lire";"0.0"
"9782072925870";"Manon Lescaut";"Prévost Abbé";"Folio";"2021-03-11";"2022-02-04 23:55:39";"Lu";"4.0"
"9782070360833";"Les raisins de la colère";"Steinbeck John";"Gallimard";"1972-05-09";"2022-01-11 23:19:26";"A lire";"0.0"
"9782072888748";"La Divine Comédie";"Alighieri Dante";"Gallimard";"2021-10-14";"2022-01-11 23:15:41";"A lire";"0.0"
"9782080707543";"La généalogie de la morale";"Nietzsche Friedrich";"Flammarion";"2000-03-27";"2022-01-11 23:13:44";"A lire";"0.0"
"9782070367986";"L'Œuvre au noir";"Yourcenar Marguerite";"Gallimard";"1976-01-01";"2022-01-09 15:50:19";"A lire";"0.0"
"9782742720682";"Antigone";"Bauchau Henry";"Actes Sud";"1999-01-04";"2022-01-09 15:49:05";"A lire";"0.0"
"9782868699084";"Oedipe sur la route";"Bauchau Henry";"Actes Sud";"1992-10-23";"2022-01-09 15:48:39";"A lire";"0.0"
"9782072729331";"Les choses humaines";"Tuil Karine";"Gallimard";"2019-08-22";"2022-01-09 15:35:38";"A lire";"0.0"
"9782080712257";"Quo vadis ? - Intégrale";"Sienkiewicz Henryk";"Flammarion";"2005-02-07";"2022-01-07 08:07:15";"A lire";"0.0"
"9782253004042";"Les Rois maudits, tome 3 : Les poisons de la couronne";"Druon Maurice";"LGF - Livre de Poche";"1973-05-01";"2022-01-06 22:25:52";"Lu";"4.0"
"9782864326526";"Éloge de l'ombre";"Tanizaki Junichirô";"Editions Verdier";"2011-05-06";"2022-01-04 21:34:49";"A lire";"0.0"
"9782259181228";"Les Rois maudits - Intégrale";"Druon Maurice";"Plon";"2005-08-24";"2021-12-28 20:42:31";"Lu";"0.0"
"9782253003069";"Les Rois maudits, tome 2 : La Reine étranglée";"Druon Maurice";"LGF - Livre de Poche";"1973-05-01";"2021-12-28 20:38:29";"Lu";"4.0"
"9782070363735";"La Promesse de l'aube";"Gary Romain";"Gallimard";"1973-04-26";"2021-12-28 19:23:50";"A lire";"0.0"
"9782266278638";"Circé";"Miller Madeline";"Pocket";"2019-05-02";"2021-12-25 15:53:36";"A lire";"0.0"
"9782221251768";"Vingt-quatre heures de la vie d'une femme";"Zweig Stefan";"Robert Laffont";"2021-01-21";"2021-12-25 14:20:52";"Lu";"0.0"
"9782070402205";"Au bord de l'eau, tome 1 : Chapitres 1 à 46";"Shi Nai'an";"Gallimard";"1997-05-02";"2021-12-23 21:00:16";"A lire";"0.0"
"9782747027168";"Les orangers de Versailles, tome 1";"Pietri Annie";"Bayard Jeunesse";"2008-06-05";"2021-12-22 14:18:49";"Lu";"0.0"
"9782226195449";"Percy Jackson et les Olympiens, tome 4 : La bataille du labyrinthe";"Riordan Rick";"A. Michel";"2010-02-03";"2021-12-21 22:18:28";"Lu";"0.0"
"9782226209528";"Percy Jackson et les Olympiens, tome 5 : Le dernier Olympien";"Riordan Rick";"A. Michel";"2010-09-01";"2021-12-21 22:18:23";"Lu";"0.0"
"9782226207203";"Percy Jackson et les Olympiens, tome 3 : Le sort du titan";"Riordan Rick";"Albin Michel";"2010-02-03";"2021-12-21 22:18:22";"Lu";"0.0"
"9782226186089";"Percy Jackson et les Olympiens, tome 2 : La mer des monstres";"Riordan Rick";"Albin Michel";"2008-03-15";"2021-12-21 22:18:17";"Lu";"0.0"
"9782226186072";"Percy Jackson et les Olympiens, tome 1 : Le Voleur de foudre";"Riordan Rick";"A. Michel";"2008-03-15";"2021-12-21 22:17:52";"Lu";"0.0"
"9782253058502";"Peter Camenzind";"Hesse Hermann";"Librairie générale française";"1991-11-01";"2021-12-21 13:49:06";"A lire";"0.0"
"9782070384075";"Ma vie";"Jung Carl Gustav";"Gallimard";"0000-00-00";"2021-12-21 00:11:44";"Lu";"4.0"
"9782070404582";"Le Liseur";"Schlink Bernhard";"Gallimard";"1999-02-23";"2021-12-20 11:49:43";"Lu";"3.0"
"9782700232752";"L'Autre, Tome 3 : La huitième porte";"Bottero Pierre";"Rageot";"2007-10-24";"2021-12-07 10:35:43";"Lu";"0.0"
"9782700232738";"L'Autre, Tome 2 : Le maître des tempêtes";"Bottero Pierre";"Rageot";"2007-04-18";"2021-12-07 10:35:41";"Lu";"0.0"
"9782700231199";"L'autre, Tome 1 : Le Souffle de la Hyène";"Bottero Pierre";"Rageot";"2006-06-14";"2021-12-07 10:35:38";"Lu";"0.0"
"9782290343142";"Le malade imaginaire";"Molière ";"Librio";"2004-06-01";"2021-12-05 12:18:37";"Lu";"3.0"
"9782080707970";"Manuel";"Épictète ";"Flammarion";"1999-04-02";"2021-12-04 13:33:12";"Lu";"0.0"
"9782702411254";"Meurtre au champagne";"Christie Agatha";"Librairie des Champs-Elysées";"1981-07-20";"2021-12-04 13:30:51";"Lu";"0.0"
"9782070615377";"Harry Potter, tome 7 : Harry Potter et les reliques de la mort";"Rowling J. K.";"Gallimard Jeunesse";"2008-10-02";"2021-12-04 13:19:42";"Lu";"4.0"
"9782070577644";"Harry Potter, tome 6 : Harry Potter et le prince de sang mêlé";"Rowling J. K.";"Gallimard Jeunesse";"2006-09-07";"2021-12-04 13:19:37";"Lu";"4.5"
"9782070643066";"Harry Potter, tome 5 : Harry Potter et l'ordre du Phénix";"Rowling J. K.";"GALLIMARD JEUNE";"0000-00-00";"2021-12-04 13:19:32";"Lu";"4.0"
"9782070543519";"Harry Potter, tome 4 : Harry Potter et la coupe de feu";"Rowling J. K.";"Gallimard Jeunesse";"2003-11-16";"2021-12-04 13:19:28";"Lu";"4.0"
"9782070612383";"Harry Potter, tome 3 : Harry Potter et le prisonnier d'Azkaban";"Rowling J. K.";"Gallimard Jeunesse";"2007-03-15";"2021-12-04 13:19:24";"Lu";"4.0"
"9782070524556";"Harry Potter, tome 2 : Harry Potter et la chambre des secrets";"Rowling J. K.";"Gallimard Jeunesse";"2003-11-16";"2021-12-04 13:19:20";"Lu";"4.0"
"9782070518425";"Harry Potter, tome 1 : Harry Potter à l'école des sorciers";"Rowling J. K.";"Gallimard Jeunesse";"2003-11-16";"2021-12-04 13:19:16";"Lu";"4.5"
"9782211097666";"La société des S";"Hubbard Susan";"L'Ecole des loisirs";"2011-04-21";"2021-12-04 13:18:46";"Lu";"2.5"
"9782203024298";"Henderson's Boys, tome 1 : L'évasion";"Muchamore Robert";"Casterman";"2010-05-05";"2021-12-04 13:17:09";"Lu";"4.0"
"9782203043725";"Cherub, tome 15 : Black Friday";"Muchamore Robert";"Casterman";"2014-01-15";"2021-12-04 13:16:48";"Lu";"3.0"
"9782203043718";"Cherub, tome 14 : L'Ange gardien";"Muchamore Robert";"Casterman";"2013-02-13";"2021-12-04 13:16:39";"Lu";"3.0"
"9782203077522";"Cherub, tome 13 : Le clan Aramov";"Muchamore Robert";"Casterman Jeunesse";"2012-01-04";"2021-12-04 13:16:35";"Lu";"3.5"
"9782203004221";"Cherub, tome 6 : Sang pour sang";"Muchamore Robert";"Casterman";"2008-10-03";"2021-12-04 13:16:14";"Lu";"3.5"
"9782203024335";"Cherub, tome 12 : La vague fantôme";"Muchamore Robert";"Casterman";"2011-05-11";"2021-12-04 13:16:05";"Lu";"4.0"
"9782203035362";"Cherub, tome 11 : Vandales";"Muchamore Robert";"Casterman";"2013-02-13";"2021-12-04 13:15:59";"Lu";"4.0"
"9782203004269";"Cherub, tome 10 : Le grand jeu ";"Muchamore Robert";"Casterman";"2010-01-06";"2021-12-04 13:15:52";"Lu";"3.5"
"9782203004252";"Cherub, tome 9 : Crash ";"Muchamore Robert";"Casterman";"2009-08-26";"2021-12-04 13:15:41";"Lu";"3.0"
"9782203004238";"Cherub, tome 7 : À la dérive";"Muchamore Robert";"Casterman";"2009-02-03";"2021-12-04 13:15:15";"Lu";"3.5"
"9782203003972";"Cherub, tome 5 : Les survivants";"Muchamore Robert";"Casterman";"2008-05-14";"2021-12-04 13:14:36";"Lu";"4.0"
"9782203003620";"Cherub, tome 4 : Chute libre";"Muchamore Robert";"Casterman";"2008-01-30";"2021-12-04 13:13:36";"Lu";"4.0"
"9782203003613";"Cherub, tome 3 : Arizona Max";"Muchamore Robert";"Casterman";"2007-09-03";"2021-12-04 13:13:28";"Lu";"3.5"
"9782203020658";"Cherub, tome 2 : Trafic";"Muchamore Robert";"Casterman";"2009-02-03";"2021-12-04 13:13:22";"Lu";"4.0"
"9782203002029";"Cherub, tome 1 : 100 jours en enfer";"Muchamore Robert";"Casterman";"2007-01-01";"2021-12-04 13:13:16";"Lu";"4.0"
"9782080700162";"Pensées pour moi-même";"Marc-Aurèle ";"Flammarion";"1999-01-04";"2021-11-25 18:19:20";"Lu";"0.0"
"9782330129835";"4 3 2 1";"Auster Paul";"Actes Sud";"2020-01-08";"2021-11-11 11:24:58";"A lire";"0.0"
"9782290258668";"Faust";"Goethe Johann Wolfgang von";"Librio";"2021-03-17";"2021-10-20 00:00:55";"Lu";"2.5"
"9782253061434";"La Confusion des sentiments";"Zweig Stefan";"Librairie générale française";"0000-00-00";"2021-10-10 16:40:48";"Lu";"4.5"
"9782290258538";"Lancelot ou Le Chevalier de la Charrette";"Troyes Chrétien de";"Librio";"2021-04-21";"2021-09-30 17:44:08";"A lire";"0.0"
"9782253022916";"Demian";"Hesse Hermann";"Le Livre de Poche";"1979-10-01";"2021-09-30 17:43:28";"Lu";"5.0"
"9782070375165";"La Ferme des animaux";"Orwell George";"[Gallimard]";"1984-01-04";"2021-09-24 19:35:16";"Lu";"4.5"
"9782070544974";"Le royaume de Kensuké";"Morpurgo Michael";"Gallimard Jeunesse";"2007-03-15";"2021-09-24 19:32:26";"Lu";"3.5"
"9782290336878";"Le Guerrier pacifique";"Millman Dan";"J'ai lu";"2003-11-18";"2021-09-24 19:31:46";"Lu";"0.0"
"9782290352625";"L'Assassin royal, tome 1 : L'Apprenti assassin";"Hobb Robin";"J'ai lu";"2005-12-01";"2021-09-24 19:31:01";"Lu";"4.0"
"9782848766249";"Grand frère";"Guven Mahir";"Philippe Rey";"2017-10-05";"2021-09-24 19:27:24";"Lu";"4.0"
"9782846823425";"La Centrale";"Filhol Élisabeth";"POL";"2010-01-05";"2021-09-24 19:27:02";"Lu";"2.0"
"9782070614394";"Charlie et le grand ascenseur de verre";"Dahl Roald";"Gallimard Jeunesse";"2007-06-07";"2021-09-24 19:26:38";"Lu";"3.5"
"9782501150910";"L'Art de la guerre";"Tzu Sun";"Marabout";"2021-03-10";"2021-09-24 19:26:03";"Lu";"0.0"
"9782070360079";"Le vieil homme et la mer";"Hemingway Ernest";"Gallimard";"1972-01-07";"2021-09-24 19:25:30";"Lu";"3.5"
"9782070366491";"Le Pavillon d'or";"Mishima Yukio";"Gallimard";"1975-02-06";"2021-09-24 19:23:02";"Lu";"4.5"
"9782842611927";"Train de nuit dans la voie lactée";"Miyazawa Kenji";"Le Serpent à plumes";"2000-04-13";"2021-09-24 19:21:49";"A lire";"0.0"
"9782877308519";"Le Livre du thé";"Okakura Kakuzô";"P. Picquier";"2006-11-29";"2021-09-24 19:21:35";"Lu";"0.0"
"9782253049418";"Bilbo le Hobbit";"Tolkien J.R.R.";"Librairie générale française";"0000-00-00";"2021-09-24 19:20:20";"Lu";"4.0"
"9782253011019";"Les Rois maudits, tome 1 : Le Roi de fer";"Druon Maurice";"LGF - Livre de Poche";"1973-05-01";"2021-09-24 19:20:09";"Lu";"4.5"
"9782290307830";"La Parfaite lumière";"Yoshikawa Eiji";"Éd. J'ai lu";"2000-10-14";"2021-09-24 19:19:46";"Lu";"4.0"
"9782070385591";"La mer de la fertilité, tome 4 : L'ange en décomposition";"Mishima Yukio";"Gallimard";"1992-11-10";"2021-09-24 13:08:20";"Lu";"4.5"
"9782070385058";"La mer de la fertilité, tome 3 : Le temple de l'aube";"Mishima Yukio";"Gallimard";"1992-04-10";"2021-09-24 13:08:06";"Lu";"3.5"
"9782070383313";"La Mer de la fertilité, tome 2 : Chevaux échappés";"Mishima Yukio";"Gallimard";"1991-02-01";"2021-09-24 13:07:53";"Lu";"4.0"
"9782070381104";"La Mer de la fertilité, tome 1 : Neige de printemps";"Mishima Yukio";"Gallimard";"1989-04-13";"2021-09-24 13:07:35";"Lu";"5.0"
"9782070426546";"Perceval ou le Roman du Graal";"Troyes Chrétien de";"Folio";"2010-06-24";"2021-09-24 13:06:54";"Lu";"3.5"
"9782264005458";"La perle de l'empereur";"Van Gulik Robert";"10-18";"1983-09-01";"2021-09-24 13:05:57";"Lu";"0.0"
"9782264005977";"Le paravent de laque";"Van Gulik Robert";"Union Générale d'Editions";"1999-11-11";"2021-09-24 13:05:52";"Lu";"0.0"
"9782264005441";"Le pavillon rouge (Le mystère de la chambre rouge)";"Van Gulik Robert";"10-18";"1983-09-01";"2021-09-24 13:05:50";"Lu";"0.0"
"9782264005984";"Le squelette sous cloche";"Van Gulik Robert";"10-18";"1993-01-08";"2021-09-24 13:05:47";"Lu";"0.0"
"9782264006097";"Meurtre sur un bateau-de-fleurs";"Van Gulik Robert";"10-18";"1984-06-01";"2021-09-24 13:05:43";"Lu";"0.0"
"9782264005960";"Trafic d'or sous les T'ang";"Van Gulik Robert";"Union Générale d'Editions";"0000-00-00";"2021-09-24 13:05:40";"Lu";"0.0"
"9782253005018";"Le Meilleur des Mondes";"Huxley Aldous";"LGF - Le Livre de Poche";"0000-00-00";"2021-09-24 13:04:52";"Lu";"2.5"
"9782253002932";"Le Loup des steppes";"Hesse Hermann";"Librairie générale française";"1991-01-01";"2021-09-24 13:04:16";"Lu";"4.0"
"9791035405175";"Siddhartha";"Hesse Hermann";"Audiolib";"2021-07-07";"2021-09-24 13:03:51";"Lu";"4.0"
"9782253000044";"Narcisse et Goldmund";"Hesse Hermann";"Librairie générale française";"1975-11-01";"2021-09-24 13:03:16";"Lu";"5.0"
"9782070323722";"Dialectique du moi et de l'inconscient";"Jung Carl Gustav";"Gallimard";"1986-10-13";"2021-09-24 13:02:49";"Lu";"4.5"
"9782226159670";"Jézabel";"Némirovsky Irène";"A. Michel";"2005-03-01";"2021-09-24 12:40:25";"Lu";"4.0"
"9782246151340";"Le Bal";"Némirovsky Irène";"B. Grasset";"2002-04-18";"2021-09-24 12:40:23";"Lu";"4.0"
"9782070440832";"La vie d'un idiot";"Akutagawa Ryûnosuke";"Gallimard";"2011-01-05";"2021-09-24 12:40:03";"Lu";"0.0"
"9782253046738";"Le Maître ou le tournoi de Go ";"Kawabata Yasunari";"Librairie générale française";"0000-00-00";"2021-09-24 12:39:00";"Lu";"2.5"
"9782253030737";"Pays de neige";"Kawabata Yasunari";"Le Livre de Poche";"1982-11-01";"2021-09-24 12:38:57";"Lu";"4.0"
"9782253029892";"Les Belles Endormies";"Kawabata Yasunari";"Le Livre de Poche";"0000-00-00";"2021-09-24 12:36:35";"Lu";"3.0"
"9782070383429";"Un amour insensé";"Tanizaki Junichirô";"Gallimard";"1991-04-02";"2021-09-24 12:35:45";"Lu";"3.5"
"9782070401673";"Le chat, son maître et ses deux maîtresses";"Tanizaki Junichirô";"Gallimard";"1997-01-23";"2021-09-24 12:35:43";"Lu";"0.0"
"9782070308217";"Le meurtre d'O-Tsuya";"Tanizaki Junichirô";"Gallimard";"2005-05-13";"2021-09-24 12:35:40";"Lu";"0.0"
"9782070380787";"Svastika";"Tanizaki Junichirô";"Gallimard";"1988-09-22";"2021-09-24 12:35:12";"Lu";"4.0"
"9782070423866";"Journal d'un vieux fou";"Tanizaki Junichirô";"Gallimard";"2002-05-27";"2021-09-24 12:34:33";"Lu";"2.5"
"9782862609119";"Inconnu à cette adresse";"Taylor Kathrine Kressmann";"Ed. Autrement";"2004-06-09";"2021-09-24 12:33:48";"Lu";"0.0"
"9782742743735";"Le sang des promesses, tome 2 : Incendies";"Mouawad Wajdi";"Actes Sud";"2003-07-07";"2021-09-24 12:33:16";"Lu";"0.0"
"9782253003755";"Le Désert des Tartares";"Buzzati Dino";"LGF - Livre de Poche";"1995-10-05";"2021-09-24 12:32:17";"Lu";"4.0"
"9782207247372";"Flatland";"Abbott Edwin A.";"Denoël";"1998-04-14";"2021-09-24 12:31:49";"Lu";"5.0"
"9782290300541";"La pierre et le sabre";"Yoshikawa Eiji";"Éd. J'ai lu";"2000-06-07";"2021-09-24 12:31:05";"Lu";"4.0"
"9782742731091";"Tombouctou";"Auster Paul";"Actes Sud";"2001-01-03";"2021-09-24 12:30:21";"Lu";"3.0"
"9782868699503";"Au pays des choses dernières (Le voyage d'Anna Blume)";"Auster Paul";"Actes Sud";"1993-01-28";"2021-09-24 12:30:00";"Lu";"4.0"
"9782253140757";"Mr Vertigo";"Auster Paul";"Librairie générale française";"1997-01-01";"2021-09-24 12:29:44";"Lu";"5.0"
"9782286014186";"L'homme à l'envers";"Vargas Fred";"Le Grand Livre du Mois";"0000-00-00";"2021-09-24 12:27:55";"Lu";"3.0"
"9782878581522";"Pars vite et reviens tard";"Vargas Fred";"V. Hamy";"2001-10-15";"2021-09-24 12:27:08";"Lu";"4.0"
"9782290349229";"L'Homme aux cercles bleus";"Vargas Fred";"J'ai lu";"2005-05-01";"2021-09-24 12:26:55";"Lu";"3.0"
"9782253057840";"Le Joueur d'échecs";"Zweig Stefan";"Librairie générale française";"1991-01-01";"2021-09-24 12:25:08";"Lu";"4.0"
"9782070414376";"La Métamorphose ";"Kafka Franz";"Gallimard";"2000-06-07";"2021-09-24 12:18:07";"Lu";"4.0"
"9782253009009";"Bel-Ami";"Maupassant Guy de";"Librairie générale française";"1979-08-01";"2021-09-24 12:17:38";"Lu";"4.0"
"9782253006725";"La Princesse de Clèves";"La Fayette Madame de";"Librairie générale française";"1973-02-01";"2021-09-24 12:17:24";"Lu";"4.0"
"9782290335369";"Candide";"Voltaire ";"J'ai lu";"2003-11-01";"2021-09-24 12:17:19";"Lu";"4.0"
